FMS_FUND,FMS_STATION,FMS_STATION_NAMES,FMS_COST_CENTER,FMS_COST_CENTER_NAME,IFAMS_PARTITION,IFAMS_BUDGET_PROGRAM_CODE,IFAMS_BUDGET_PROGRAM_NAME,IFAMS_VA_PROGRAM_CODE,IFAMS_VA_PROGRAM_NAME,LOAD_DATE
0129A1,800,ALTON NATIONAL CEMETERY   VANC,Any,Any,NCA,NCACO01A,Cemetery Operations,NCACEMOP,Cemetery Operations,
0129A1,801,ANNAPOLIS NATL CEMETERY   VANC,Any,Any,NCA,NCACO01A,Cemetery Operations,NCACEMOP,Cemetery Operations,
0129A1,802,BALTIMORE NATL CEMETERY   VANC,Any,Any,NCA,NCACO01A,Cemetery Operations,NCACEMOP,Cemetery Operations,
0129A1,803,BATH NATL CEMETERY        VAMC,Any,Any,NCA,NCACO01A,Cemetery Operations,NCACEMOP,Cemetery Operations,
0129A1,804,BEVERLY NATL CEMETERY     VANC,Any,Any,NCA,NCACO01A,Cemetery Operations,NCACEMOP,Cemetery Operations,
0129A1,805,CALVERTON NATL CEMETERY   VANC,Any,Any,NCA,NCACO01A,Cemetery Operations,NCACEMOP,Cemetery Operations,
0129A1,806,CAMP BUTLER NATL CEMETRY  VANC,Any,Any,NCA,NCACO01A,Cemetery Operations,NCACEMOP,Cemetery Operations,
0129A1,807,CROWN HILL NATL CEMETERY  VANC,Any,Any,NCA,NCACO01A,Cemetery Operations,NCACEMOP,Cemetery Operations,
0129A1,808,CYPRESS HILLS NATL CEM    VANC,Any,Any,NCA,NCACO01A,Cemetery Operations,NCACEMOP,Cemetery Operations,
0129A1,809,DANVILLE NATL CEMETERY    VANC,Any,Any,NCA,NCACO01A,Cemetery Operations,NCACEMOP,Cemetery Operations,
0129A1,810,DAYTON NATL CEMETERY      VANC,Any,Any,NCA,NCACO01A,Cemetery Operations,NCACEMOP,Cemetery Operations,
0129A1,811,FINN'S POINT NATL CEM     VANC,Any,Any,NCA,NCACO01A,Cemetery Operations,NCACEMOP,Cemetery Operations,
0129A1,812,GRAFTON NATL CEMETERY     VANC,Any,Any,NCA,NCACO01A,Cemetery Operations,NCACEMOP,Cemetery Operations,
0129A1,813,INDIANTOWN GAP NATL CEM   VANC,Any,Any,NCA,NCACO01A,Cemetery Operations,NCACEMOP,Cemetery Operations,
0129A1,814,KEOKUK NATL CEMETERY      VANC,Any,Any,NCA,NCACO01A,Cemetery Operations,NCACEMOP,Cemetery Operations,
0129A1,815,LONG ISLAND NATL CEM      VANC,Any,Any,NCA,NCACO01A,Cemetery Operations,NCACEMOP,Cemetery Operations,
0129A1,816,LOUDON PARK NATL CEM      VANC,Any,Any,NCA,NCACO01A,Cemetery Operations,NCACEMOP,Cemetery Operations,
0129A1,817,MARION NATL CEMETERY      VANC,Any,Any,NCA,NCACO01A,Cemetery Operations,NCACEMOP,Cemetery Operations,
0129A1,818,MASSACHUSETTS NATL CEM    VANC,Any,Any,NCA,NCACO01A,Cemetery Operations,NCACEMOP,Cemetery Operations,
0129A1,819,PHILADELPHIA NATL CEM     VANC,Any,Any,NCA,NCACO01A,Cemetery Operations,NCACEMOP,Cemetery Operations,
0129A1,820,QUINCY NATL CEMETERY      VANC,Any,Any,NCA,NCACO01A,Cemetery Operations,NCACEMOP,Cemetery Operations,
0129A1,821,ROCK ISLAND NATL CEM      VANC,Any,Any,NCA,NCACO01A,Cemetery Operations,NCACEMOP,Cemetery Operations,
0129A1,822,TOGUS NATL CEMETERY       VANC,Any,Any,NCA,NCACO01A,Cemetery Operations,NCACEMOP,Cemetery Operations,
0129A1,823,WOOD NATL CEMETERY        VANC,Any,Any,NCA,NCACO01A,Cemetery Operations,NCACEMOP,Cemetery Operations,
0129A1,824,WOODLAWN NATL CEMETERY    VANC,Any,Any,NCA,NCACO01A,Cemetery Operations,NCACEMOP,Cemetery Operations,
0129A1,825,ALEXANDRIA NATL CEMETERY  VANC,Any,Any,NCA,NCACO01A,Cemetery Operations,NCACEMOP,Cemetery Operations,
0129A1,826,ALEXANDRIA NATL CEMETERY  VANC,Any,Any,NCA,NCACO01A,Cemetery Operations,NCACEMOP,Cemetery Operations,
0129A1,827,BALLS BLUFF NATL CEM      VANC,Any,Any,NCA,NCACO01A,Cemetery Operations,NCACEMOP,Cemetery Operations,
0129A1,828,BARRANCAS NATL CEMETERY   VANC,Any,Any,NCA,NCACO01A,Cemetery Operations,NCACEMOP,Cemetery Operations,
0129A1,829,BATON ROUGE NATL CEM      VANC,Any,Any,NCA,NCACO01A,Cemetery Operations,NCACEMOP,Cemetery Operations,
0129A1,830,BAY PINES NATL CEMETERY   VANC,Any,Any,NCA,NCACO01A,Cemetery Operations,NCACEMOP,Cemetery Operations,
0129A1,831,BEAUFORT NATL CEMETERY    VANC,Any,Any,NCA,NCACO01A,Cemetery Operations,NCACEMOP,Cemetery Operations,
0129A1,832,BILOXI NATL CEMETERY      VANC,Any,Any,NCA,NCACO01A,Cemetery Operations,NCACEMOP,Cemetery Operations,
0129A1,833,CAMP NELSON NATL CEM      VANC,Any,Any,NCA,NCACO01A,Cemetery Operations,NCACEMOP,Cemetery Operations,
0129A1,834,CAVE HILL NATL CEMETERY   VANC,Any,Any,NCA,NCACO01A,Cemetery Operations,NCACEMOP,Cemetery Operations,
0129A1,835,CHATTANOOGA NATL CEM      VANC,Any,Any,NCA,NCACO01A,Cemetery Operations,NCACEMOP,Cemetery Operations,
0129A1,836,CITY POINT NATL CEMETERY  VANC,Any,Any,NCA,NCACO01A,Cemetery Operations,NCACEMOP,Cemetery Operations,
0129A1,837,COLD HARBOR NATL CEM      VANC,Any,Any,NCA,NCACO01A,Cemetery Operations,NCACEMOP,Cemetery Operations,
0129A1,838,CORINTH NATL CEMETERY     VANC,Any,Any,NCA,NCACO01A,Cemetery Operations,NCACEMOP,Cemetery Operations,
0129A1,839,CULPEPER NATL CEMETERY    VANC,Any,Any,NCA,NCACO01A,Cemetery Operations,NCACEMOP,Cemetery Operations,
0129A1,840,DANVILLE NATL CEMETERY    VANC,Any,Any,NCA,NCACO01A,Cemetery Operations,NCACEMOP,Cemetery Operations,
0129A1,841,DANVILLE NATL CEMETERY    VANC,Any,Any,NCA,NCACO01A,Cemetery Operations,NCACEMOP,Cemetery Operations,
0129A1,842,FAYETTEVILLE NATL CEM     VANC,Any,Any,NCA,NCACO01A,Cemetery Operations,NCACEMOP,Cemetery Operations,
0129A1,843,FLORENCE NATL CEMETERY    VANC,Any,Any,NCA,NCACO01A,Cemetery Operations,NCACEMOP,Cemetery Operations,
0129A1,844,FORT GIBSON NATL CEM      VANC,Any,Any,NCA,NCACO01A,Cemetery Operations,NCACEMOP,Cemetery Operations,
0129A1,845,FORT HARRISON NATL CEM    VANC,Any,Any,NCA,NCACO01A,Cemetery Operations,NCACEMOP,Cemetery Operations,
0129A1,846,FT. SAM HOUSTON NATL CEM  VANC,Any,Any,NCA,NCACO01A,Cemetery Operations,NCACEMOP,Cemetery Operations,
0129A1,847,FORT SMITH NATL CEMETERY  VANC,Any,Any,NCA,NCACO01A,Cemetery Operations,NCACEMOP,Cemetery Operations,
0129A1,848,GLENDALE NATL CEMETERY    VANC,Any,Any,NCA,NCACO01A,Cemetery Operations,NCACEMOP,Cemetery Operations,
0129A1,849,HAMPTON NATL CEMETERY     VANC,Any,Any,NCA,NCACO01A,Cemetery Operations,NCACEMOP,Cemetery Operations,
0129A1,850,HAMPTON NATL CEMETERY     VANC,Any,Any,NCA,NCACO01A,Cemetery Operations,NCACEMOP,Cemetery Operations,
0129A1,851,HOUSTON NATL CEMETERY     VANC,Any,Any,NCA,NCACO01A,Cemetery Operations,NCACEMOP,Cemetery Operations,
0129A1,852,JEFFERSON BARRACKS NC     VANC,Any,Any,NCA,NCACO01A,Cemetery Operations,NCACEMOP,Cemetery Operations,
0129A1,853,JEFFERSON CITY NATL CEM   VANC,Any,Any,NCA,NCACO01A,Cemetery Operations,NCACEMOP,Cemetery Operations,
0129A1,854,KERRVILLE NATL CEMETERY   VANC,Any,Any,NCA,NCACO01A,Cemetery Operations,NCACEMOP,Cemetery Operations,
0129A1,855,KNOXVILLE NATL CEMETERY   VANC,Any,Any,NCA,NCACO01A,Cemetery Operations,NCACEMOP,Cemetery Operations,
0129A1,856,LEBANON NATIONAL CEM      VANC,Any,Any,NCA,NCACO01A,Cemetery Operations,NCACEMOP,Cemetery Operations,
0129A1,857,LEXINGTON NATL CEMETERY   VANC,Any,Any,NCA,NCACO01A,Cemetery Operations,NCACEMOP,Cemetery Operations,
0129A1,858,LITTLE ROCK NATL CEM      VANC,Any,Any,NCA,NCACO01A,Cemetery Operations,NCACEMOP,Cemetery Operations,
0129A1,859,MARIETTA NATL CEMETERY    VANC,Any,Any,NCA,NCACO01A,Cemetery Operations,NCACEMOP,Cemetery Operations,
0129A1,860,MEMPHIS NATL CEMETERY     VANC,Any,Any,NCA,NCACO01A,Cemetery Operations,NCACEMOP,Cemetery Operations,
0129A1,861,MILL SPRINGS NATL CEM     VANC,Any,Any,NCA,NCACO01A,Cemetery Operations,NCACEMOP,Cemetery Operations,
0129A1,862,MOBILE NATL CEMETERY      VANC,Any,Any,NCA,NCACO01A,Cemetery Operations,NCACEMOP,Cemetery Operations,
0129A1,863,MOUND CITY NATL CEMETERY  VANC,Any,Any,NCA,NCACO01A,Cemetery Operations,NCACEMOP,Cemetery Operations,
0129A1,864,MOUNTAIN HOME NATL CEM    VANC,Any,Any,NCA,NCACO01A,Cemetery Operations,NCACEMOP,Cemetery Operations,
0129A1,865,NASHVILLE NATL CEMETERY   VANC,Any,Any,NCA,NCACO01A,Cemetery Operations,NCACEMOP,Cemetery Operations,
0129A1,866,NATCHEZ NATL CEMETERY     VANC,Any,Any,NCA,NCACO01A,Cemetery Operations,NCACEMOP,Cemetery Operations,
0129A1,867,NEW ALBANY NATL CEMETERY  VANC,Any,Any,NCA,NCACO01A,Cemetery Operations,NCACEMOP,Cemetery Operations,
0129A1,868,NEW BERN NATL CEMETERY    VANC,Any,Any,NCA,NCACO01A,Cemetery Operations,NCACEMOP,Cemetery Operations,
0129A1,870,PORT HUDSTON NATL CEM     VANC,Any,Any,NCA,NCACO01A,Cemetery Operations,NCACEMOP,Cemetery Operations,
0129A1,871,PUERTO RICO NATL CEM      VANC,Any,Any,NCA,NCACO01A,Cemetery Operations,NCACEMOP,Cemetery Operations,
0129A1,872,QUANTICO NATL CEMETERY    VANC,Any,Any,NCA,NCACO01A,Cemetery Operations,NCACEMOP,Cemetery Operations,
0129A1,873,RALEIGH NATL CEMETERY     VANC,Any,Any,NCA,NCACO01A,Cemetery Operations,NCACEMOP,Cemetery Operations,
0129A1,874,RICHMOND NATL CEMETERY    VANC,Any,Any,NCA,NCACO01A,Cemetery Operations,NCACEMOP,Cemetery Operations,
0129A1,875,ST AUGUSTINE NATL CEM     VANC,Any,Any,NCA,NCACO01A,Cemetery Operations,NCACEMOP,Cemetery Operations,
0129A1,876,SALISBURY NATL CEMETERY   VANC,Any,Any,NCA,NCACO01A,Cemetery Operations,NCACEMOP,Cemetery Operations,
0129A1,877,SAN ANTONIO NATL CEM      VANC,Any,Any,NCA,NCACO01A,Cemetery Operations,NCACEMOP,Cemetery Operations,
0129A1,878,SEVEN PINES NATL CEM      VANC,Any,Any,NCA,NCACO01A,Cemetery Operations,NCACEMOP,Cemetery Operations,
0129A1,879,SPRINGFIELD NATL CEM      VANC,Any,Any,NCA,NCACO01A,Cemetery Operations,NCACEMOP,Cemetery Operations,
0129A1,880,STAUNTON NATL CEMETERY    VANC,Any,Any,NCA,NCACO01A,Cemetery Operations,NCACEMOP,Cemetery Operations,
0129A1,881,WILMINGTON NATL CEMETERY  VANC,Any,Any,NCA,NCACO01A,Cemetery Operations,NCACEMOP,Cemetery Operations,
0129A1,882,WINCHESTER NATL CEMETERY  VANC,Any,Any,NCA,NCACO01A,Cemetery Operations,NCACEMOP,Cemetery Operations,
0129A1,883,ZACHARY TAYLOR NATL CEM   VANC,Any,Any,NCA,NCACO01A,Cemetery Operations,NCACEMOP,Cemetery Operations,
0129A1,884,BLACK HILLS NATL CEM      VANC,Any,Any,NCA,NCACO01A,Cemetery Operations,NCACEMOP,Cemetery Operations,
0129A1,885,FORT BAYARD NATL CEM      VANC,Any,Any,NCA,NCACO01A,Cemetery Operations,NCACEMOP,Cemetery Operations,
0129A1,886,FORT BLISS NATL CEMETERY  VANC,Any,Any,NCA,NCACO01A,Cemetery Operations,NCACEMOP,Cemetery Operations,
0129A1,887,FT LEAVENWORTH NATL CEM   VANC,Any,Any,NCA,NCACO01A,Cemetery Operations,NCACEMOP,Cemetery Operations,
0129A1,888,FORT LOGAN NATL CEMETERY  VANC,Any,Any,NCA,NCACO01A,Cemetery Operations,NCACEMOP,Cemetery Operations,
0129A1,889,FORT LYON NATL CEMETERY   VANC,Any,Any,NCA,NCACO01A,Cemetery Operations,NCACEMOP,Cemetery Operations,
0129A1,890,FORT MCPHERSON NATL CEM   VANC,Any,Any,NCA,NCACO01A,Cemetery Operations,NCACEMOP,Cemetery Operations,
0129A1,891,FORT MEADE NATL CEMETERY  VANC,Any,Any,NCA,NCACO01A,Cemetery Operations,NCACEMOP,Cemetery Operations,
0129A1,892,FORT ROSECRANS NATL CEM   VANC,Any,Any,NCA,NCACO01A,Cemetery Operations,NCACEMOP,Cemetery Operations,
0129A1,893,FORT SCOTT NATL CEMETERY  VANC,Any,Any,NCA,NCACO01A,Cemetery Operations,NCACEMOP,Cemetery Operations,
0129A1,894,FORT SNELLING NATL CEM    VANC,Any,Any,NCA,NCACO01A,Cemetery Operations,NCACEMOP,Cemetery Operations,
0129A1,895,GOLDEN GATE NATL CEM      VANC,Any,Any,NCA,NCACO01A,Cemetery Operations,NCACEMOP,Cemetery Operations,
0129A1,896,HOT SPRINGS NATL CEM      VANC,Any,Any,NCA,NCACO01A,Cemetery Operations,NCACEMOP,Cemetery Operations,
0129A1,897,LEAVENWORTH NATL CEM      VANC,Any,Any,NCA,NCACO01A,Cemetery Operations,NCACEMOP,Cemetery Operations,
0129A1,898,LOS ANGELES NATL CEM      VANC,Any,Any,NCA,NCACO01A,Cemetery Operations,NCACEMOP,Cemetery Operations,
0129A1,899,NATL MEM CEM-PACIFIC HI   VANC,Any,Any,NCA,NCACO01A,Cemetery Operations,NCACEMOP,Cemetery Operations,
0129A1,900,PRESCOTT NATL CEMETERY    VANC,Any,Any,NCA,NCACO01A,Cemetery Operations,NCACEMOP,Cemetery Operations,
0129A1,901,RIVERSIDE NATL CEMETERY   VANC,Any,Any,NCA,NCACO01A,Cemetery Operations,NCACEMOP,Cemetery Operations,
0129A1,902,ROSEBURG NATL CEMETERY    VANC,Any,Any,NCA,NCACO01A,Cemetery Operations,NCACEMOP,Cemetery Operations,
0129A1,903,SAN FRANCISCO NATL CEM    VANC,Any,Any,NCA,NCACO01A,Cemetery Operations,NCACEMOP,Cemetery Operations,
0129A1,904,SANTA FE NATL CEMETERY    VANC,Any,Any,NCA,NCACO01A,Cemetery Operations,NCACEMOP,Cemetery Operations,
0129A1,905,SITKA NATL CEMETERY       VANC,Any,Any,NCA,NCACO01A,Cemetery Operations,NCACEMOP,Cemetery Operations,
0129A1,906,EAGLE POINT NATL CEM      VANC,Any,Any,NCA,NCACO01A,Cemetery Operations,NCACEMOP,Cemetery Operations,
0129A1,907,WILLAMETTE NATL CEMETERY  VANC,Any,Any,NCA,NCACO01A,Cemetery Operations,NCACEMOP,Cemetery Operations,
0129A1,908,FT MITCHELL NATL CEM      VANC,Any,Any,NCA,NCACO01A,Cemetery Operations,NCACEMOP,Cemetery Operations,
0129A1,909,FT CUSTER NATL CEMETERY   VANC,Any,Any,NCA,NCACO01A,Cemetery Operations,NCACEMOP,Cemetery Operations,
0129A1,910,FT RICHARDSON NATL CEM    VANC,Any,Any,NCA,NCACO01A,Cemetery Operations,NCACEMOP,Cemetery Operations,
0129A1,911,FLORIDA NATL CEMETERY     VANC,Any,Any,NCA,NCACO01A,Cemetery Operations,NCACEMOP,Cemetery Operations,
0129A1,912,WEST VIRGINIA NATL CEM    VANC,Any,Any,NCA,NCACO01A,Cemetery Operations,NCACEMOP,Cemetery Operations,
0129A1,913,SAN JOAQUIN VALLEY N CEM  VANC,Any,Any,NCA,NCACO01A,Cemetery Operations,NCACEMOP,Cemetery Operations,
0129A1,914,NATL MEM CEM OF ARIZONA   VANC,Any,Any,NCA,NCACO01A,Cemetery Operations,NCACEMOP,Cemetery Operations,
0129A1,915,ABRAHAM LINCOLN NATL CEMETERY,Any,Any,NCA,NCACO01A,Cemetery Operations,NCACEMOP,Cemetery Operations,
0129A1,916,DALLAS/FT WORTH NATL CEM  VANC,Any,Any,NCA,NCACO01A,Cemetery Operations,NCACEMOP,Cemetery Operations,
0129A1,917,GBH SOLOMON SARATOGA NC   VANC,Any,Any,NCA,NCACO01A,Cemetery Operations,NCACEMOP,Cemetery Operations,
0129A1,918,OHIO WESTERN RESERVE      VANC,Any,Any,NCA,NCACO01A,Cemetery Operations,NCACEMOP,Cemetery Operations,
0129A1,919,TAHOMA NATIONAL CEMETERY  VANC,Any,Any,NCA,NCACO01A,Cemetery Operations,NCACEMOP,Cemetery Operations,
0129A1,920,FORT SILL NATIONAL CEMETERY,Any,Any,NCA,NCACO01A,Cemetery Operations,NCACEMOP,Cemetery Operations,
0129A1,921,SACRAMENTO VALLEYNATL CEM VANC,Any,Any,NCA,NCACO01A,Cemetery Operations,NCACEMOP,Cemetery Operations,
0129A1,922,GEORGIA NATIONAL CEMETERY VANC,Any,Any,NCA,NCACO01A,Cemetery Operations,NCACEMOP,Cemetery Operations,
0129A1,923,GREAT LAKES NATL CEM      VANC,Any,Any,NCA,NCACO01A,Cemetery Operations,NCACEMOP,Cemetery Operations,
0129A1,924,SOUTH FLORIDA NATL CEM    VANC,Any,Any,NCA,NCACO01A,Cemetery Operations,NCACEMOP,Cemetery Operations,
0129A1,925,NATL CEM THE ALLEGHENIES  VANC,Any,Any,NCA,NCACO01A,Cemetery Operations,NCACEMOP,Cemetery Operations,
0129A1,926,WASHINGTON CROSS NATL CEM VANC,Any,Any,NCA,NCACO01A,Cemetery Operations,NCACEMOP,Cemetery Operations,
0129A1,927,ALABAMA NATIONAL CEMETERY VANC,Any,Any,NCA,NCACO01A,Cemetery Operations,NCACEMOP,Cemetery Operations,
0129A1,928,JACKSONVILLE NATL CEM     VANC,Any,Any,NCA,NCACO01A,Cemetery Operations,NCACEMOP,Cemetery Operations,
0129A1,929,BAKERSFIELD NATL CEM      VANC,Any,Any,NCA,NCACO01A,Cemetery Operations,NCACEMOP,Cemetery Operations,
0129A1,930,FT. JACKSON NATL CEM,Any,Any,NCA,NCACO01A,Cemetery Operations,NCACEMOP,Cemetery Operations,
0129A1,931,SARASOTA NATIONAL CEM     VANC,Any,Any,NCA,NCACO01A,Cemetery Operations,NCACEMOP,Cemetery Operations,
0129A1,933,PIKES PEAK NATIONAL CEMETERY,Any,Any,NCA,NCACO01A,Cemetery Operations,NCACEMOP,Cemetery Operations,
0129A1,934,CAPE CANAVERAL NATIONAL CEM,Any,Any,NCA,NCACO01A,Cemetery Operations,NCACEMOP,Cemetery Operations,
0129A1,935,OMAHA NATIONAL CEMETERY,Any,Any,NCA,NCACO01A,Cemetery Operations,NCACEMOP,Cemetery Operations,
0129A1,936,BUFFALO NATIONAL CEMETERY,Any,Any,NCA,NCACO01A,Cemetery Operations,NCACEMOP,Cemetery Operations,
0129A1,937,TALLAHASSE NATIONAL CEMETERY,Any,Any,NCA,NCACO01A,Cemetery Operations,NCACEMOP,Cemetery Operations,
0129A1,938,YELLOWSTONE NATIONAL CEMETERY,Any,Any,NCA,NCACO01A,Cemetery Operations,NCACEMOP,Cemetery Operations,
0129A1,941,TWIN FALLS NATIONAL CEMETERY,Any,Any,NCA,NCACO01A,Cemetery Operations,NCACEMOP,Cemetery Operations,
0129A1,942,CEDAR CITY RURAL NATIONAL CEM,Any,Any,NCA,NCACO01A,Cemetery Operations,NCACEMOP,Cemetery Operations,
0129A1,943,ELKO RURAL NATIONAL CEMETERY,Any,Any,NCA,NCACO01A,Cemetery Operations,NCACEMOP,Cemetery Operations,
0129A1,944,MACHAIS NATIONAL CEMETERY,Any,Any,NCA,NCACO01A,Cemetery Operations,NCACEMOP,Cemetery Operations,
0129A1,945,CHEYENNE NATIONAL CEMETERY,Any,Any,NCA,NCACO01A,Cemetery Operations,NCACEMOP,Cemetery Operations,
0129A1,946,ALAMEDA NATIONAL CEMETARY,Any,Any,NCA,NCACO01A,Cemetery Operations,NCACEMOP,Cemetery Operations,
0129A1,947,ST ALBANS COLUMBARIUM CEMETERY,Any,Any,NCA,NCACO01A,Cemetery Operations,NCACEMOP,Cemetery Operations,
0129A1,948,Indianapolis Columbarium Cemetery,Any,Any,NCA,NCACO01A,Cemetery Operations,NCACEMOP,Cemetery Operations,
0129A1,950,Chicago Columbarium Cemetery,Any,Any,NCA,NCACO01A,Cemetery Operations,NCACEMOP,Cemetery Operations,
0129A1,951,FORT LAWTON NATIONAL CEMETERY  VANC,Any,Any,NCA,NCACO01A,Cemetery Operations,NCACEMOP,Cemetery Operations,
0129A1,952,FORT MISSOULA NATL CEMETERY  VANC,Any,Any,NCA,NCACO01A,Cemetery Operations,NCACEMOP,Cemetery Operations,
0129A1,953,FORT SHERIDAN NATL CEM   VANC,Any,Any,NCA,NCACO01A,Cemetery Operations,NCACEMOP,Cemetery Operations,
0129A1,954,VANCOUVER BARRACKS NATL CEMETERY  VANC,Any,Any,NCA,NCACO01A,Cemetery Operations,NCACEMOP,Cemetery Operations,
0129A1,955,FORT MCCLELLAN POST CEM   VANC,Any,Any,NCA,NCACO01A,Cemetery Operations,NCACEMOP,Cemetery Operations,
0129A1,956,FORT MCCLELLAN POW CEM   VANC,Any,Any,NCA,NCACO01A,Cemetery Operations,NCACEMOP,Cemetery Operations,
0129A1,957,FORT DOUGLAS NATL CEMETERY  VANC,Any,Any,NCA,NCACO01A,Cemetery Operations,NCACEMOP,Cemetery Operations,
0129A1,958,FORT WORDEN NATIONAL CEMETERY  VANC,Any,Any,NCA,NCACO01A,Cemetery Operations,NCACEMOP,Cemetery Operations,
0129A1,959,FORT STEVENS NATL CEMETERY  VANC,Any,Any,NCA,NCACO01A,Cemetery Operations,NCACEMOP,Cemetery Operations,
0129A1,960,FORT DEVENS NATL CEM    VANC,Any,Any,NCA,NCACO01A,Cemetery Operations,NCACEMOP,Cemetery Operations,
0129A1,961,BENICIA POST NATL CEM VANC,Any,Any,NCA,NCACO01A,Cemetery Operations,NCACEMOP,Cemetery Operations,
0129A1,Any,Any,511100,NCA-OFC OF US FOR MEMORIAL AFF,NCA,NCAAO001,Administrative Operations,NCAAOASA,Administration and Support Activities (Administrative Ops),
0129A1,Any,Any,511200,NCA ADVISORY COMMITTEE ON CEMETERIES AND MEMORIALS,NCA,NCAAO001,Administrative Operations,NCAAOASA,Administration and Support Activities (Administrative Ops),
0129A1,Any,Any,511300,NCA-OFC DEP UND SEC FOR MEM AF,NCA,NCAAO001,Administrative Operations,NCAAOASA,Administration and Support Activities (Administrative Ops),
0129A1,Any,Any,511400,NCA-ENGAGEMENT & MEM INNOV,NCA,NCADF001,Direct Field Support Operations,NCADFASA,Administration and Supprt Activities (Direct Field Support),
0129A1,Any,Any,511500,NCA CHIEF OF STAFF,NCA,NCAAO001,Administrative Operations,NCAAOASA,Administration and Support Activities (Administrative Ops),
0129A1,Any,Any,511600,NCA-PARTNERSHIPS AND OUTREACH,NCA,NCADF001,Direct Field Support Operations,NCADFASA,Administration and Supprt Activities (Direct Field Support),
0129A1,Any,Any,511700,NCA-DIGITAL SERVICE,NCA,NCAMO001,Memorial Operations,NCAMEMOP,Memorial Operations,
0129A1,Any,Any,511800,NCA- VETERANS LEGACY PROGRAM,NCA,NCAMO001,Memorial Operations,NCAMEMOP,Memorial Operations,
0129A1,Any,Any,511900,NCA-HISTORY,NCA,NCADF001,Direct Field Support Operations,NCADFASA,Administration and Supprt Activities (Direct Field Support),
0129A1,Any,Any,512000,NCA - DUS OFFICE OF MANAGEMENT,NCA,NCAAO001,Administrative Operations,NCAAOASA,Administration and Support Activities (Administrative Ops),
0129A1,Any,Any,512200,OFFICE OF FINANCE/PLANNING CFO,NCA,NCAAO001,Administrative Operations,NCAAOASA,Administration and Support Activities (Administrative Ops),
0129A1,Any,Any,512400,NCA-STRATEGIC COMMUNICATIONS,NCA,NCAAO001,Administrative Operations,NCAAOASA,Administration and Support Activities (Administrative Ops),
0129A1,Any,Any,512500,NCA-EXECUTIVE CORRESPONDENCE,NCA,NCAAO001,Administrative Operations,NCAAOASA,Administration and Support Activities (Administrative Ops),
0129A1,Any,Any,512600,NCA-PUBLIC AFFAIRS,NCA,NCAAO001,Administrative Operations,NCAAOASA,Administration and Support Activities (Administrative Ops),
0129A1,Any,Any,512700,"NCA-TRANSF, TECH AND DATA MGMT",NCA,NCADF001,Direct Field Support Operations,NCADFITS,Information and Technology Services (Direct Field Support),
0129A1,Any,Any,512800,NCA-HUMAN CAPITAL MANAGEMENT,NCA,NCAAO001,Administrative Operations,NCAAOASA,Administration and Support Activities (Administrative Ops),
0129A1,Any,Any,512900,NCA-HCM TRAIN AND WKFORCE DEV,NCA,NCADF001,Direct Field Support Operations,NCADFHCM,Human Capital Management (Direct Field Support),
0129A1,Any,Any,513000,NCA-HCM POLICY AND PROGRAMS,NCA,NCAAO001,Administrative Operations,NCAAOHCM,Human Capital Management (Administrative Ops),
0129A1,Any,Any,515000,NCA REASONABLE ACCOMODATIONS,NCA,NCAAO001,Administrative Operations,NCAAOHCM,Human Capital Management (Administrative Ops),
0129A1,Any,Any,513100,NCA-ADMIN AND BUSINESS SUPPORT,NCA,NCADF001,Direct Field Support Operations,NCADFITS,Information and Technology Services (Direct Field Support),
0129A1,Any,Any,513200,NCA OFC OF CEMETERY OPS,NCA,NCAAO001,Administrative Operations,NCAAOASA,Administration and Support Activities (Administrative Ops),
0129A1,Any,Any,513300,NCA-DESIGN AND CONSTRUCTION,NCA,NCADF001,Direct Field Support Operations,NCADFCCA,Construction and Capital Assets Svcs (Direct Field Support),
0129A1,Any,Any,513400,NCA-STATE CEMETERY GRANTS SVC,NCA,NCADF001,Direct Field Support Operations,NCADFVGP,Veterans Cemetery Grants Program,
0129A1,Any,Any,513500,NCA-DUS FIELD PROG & CEM OPS,NCA,NCAAO001,Administrative Operations,NCAAOASA,Administration and Support Activities (Administrative Ops),
0129A1,Any,Any,513600,NCA-CEM DEV & IMPROV SERVICE,NCA,NCACO01C,Cemetery Operations ES and CDIS,NCACEMOP,Cemetery Operations,
0129A1,Any,Any,513800,NCA OPERATIONS MANAGEMENT,NCA,NCADF001,Direct Field Support Operations,NCADFASA,Administration and Supprt Activities (Direct Field Support),
0129A1,Any,Any,513900,NCA OPERATIONS CENTER,NCA,NCADF001,Direct Field Support Operations,NCADFASA,Administration and Supprt Activities (Direct Field Support),
0129A1,Any,Any,514100,NCA-POLICY & PLANNING SERVICE,NCA,NCAAO001,Administrative Operations,NCAAOASA,Administration and Support Activities (Administrative Ops),
0129A1,Any,Any,514200,NCA-BUDGET SERVICE,NCA,NCADF001,Direct Field Support Operations,NCADFBFM,Budget and Financial Mgmt (Direct Field Support),
0129A1,Any,Any,514300,NCA-CAPITAL & PERF BUDGETING,NCA,NCADF001,Direct Field Support Operations,NCADFBFM,Budget and Financial Mgmt (Direct Field Support),
0129A1,Any,Any,514400,NCA-BUDGET OPER & FIELD SPPT,NCA,NCADF001,Direct Field Support Operations,NCADFBFM,Budget and Financial Mgmt (Direct Field Support),
0129A1,Any,Any,514500,NCA-BUSINESS PRO IMPR & COMP,NCA,NCAAO001,Administrative Operations,NCAAOASA,Administration and Support Activities (Administrative Ops),
0129A1,Any,Any,514600,NCA-LEGISLATIVE & REGULATORY,NCA,NCAAO001,Administrative Operations,NCAAOASA,Administration and Support Activities (Administrative Ops),
0129A1,Any,Any,540000,NCA- CONTRACTING / DIR,NCA,NCADF001,Direct Field Support Operations,NCADFALM,Acquisitions and Logistics Mgmt (Direct Field Support),
0129A1,Any,Any,540100,NCA-CONTRACTING STAFFORD,NCA,NCADF001,Direct Field Support Operations,NCADFALM,Acquisitions and Logistics Mgmt (Direct Field Support),
0129A1,Any,Any,540200,NCA-CONTRACTING WASH DC,NCA,NCADF001,Direct Field Support Operations,NCADFALM,Acquisitions and Logistics Mgmt (Direct Field Support),
0129A1,Any,Any,540300,NCA-FINANCE DIVISION,NCA,NCADF001,Direct Field Support Operations,NCADFBFM,Budget and Financial Mgmt (Direct Field Support),
0129A1,Any,Any,540400,NCA-ACCOUNTING OPERATIONS DIV,NCA,NCADF001,Direct Field Support Operations,NCADFBFM,Budget and Financial Mgmt (Direct Field Support),
0129A1,Any,Any,540500,NCA-ACCOUNTABILITY DIVISION,NCA,NCADF001,Direct Field Support Operations,NCADFBFM,Budget and Financial Mgmt (Direct Field Support),
0129A1,Any,Any,540600,NCA QUANTICO IT CENTER,NCA,NCADF001,Direct Field Support Operations,NCADFITS,Information and Technology Services (Direct Field Support),
0129A1,Any,Any,550100,NCA OFC OF FIELD PROGRAMS,NCA,NCAAO001,Administrative Operations,NCAAOASA,Administration and Support Activities (Administrative Ops),
0129A1,Any,Any,550200,NCA APPLICANT ASSISTANCE,NCA,NCAMO001,Memorial Operations,NCAMEMOP,Memorial Operations,
0129A1,Any,Any,550400,NCA MEMORIAL PRODUCTS SVS,NCA,NCAMO001,Memorial Operations,NCAMEMOP,Memorial Operations,
0129A1,Any,Any,550500,MPS PRESIDENTL MEM CERTS PMC,NCA,NCAMO001,Memorial Operations,NCAMEMOP,Memorial Operations,
0129A1,Any,Any,550600,MPS HEADSTONES & MARKERS,NCA,NCAMO001,Memorial Operations,NCAMEMOP,Memorial Operations,
0129A1,Any,Any,551000,MPS PROCSSNG SITE NASHVILLE TN,NCA,NCAMO001,Memorial Operations,NCAMEMOP,Memorial Operations,
0129A1,Any,Any,551100,MPS PROCSSING SITE  ALNC IL,NCA,NCAMO001,Memorial Operations,NCAMEMOP,Memorial Operations,
0129A1,Any,Any,551200,MPS PROCSS SITE FT LEVNWRTH KS,NCA,NCAMO001,Memorial Operations,NCAMEMOP,Memorial Operations,
0129A1,Any,Any,551300,NCA CENTRALIZED APPEALS,NCA,NCAMO001,Memorial Operations,NCAMEMOP,Memorial Operations,
0129A1,Any,Any,560100,NCA MEM SVC NETWRK I-PHIL PA,NCA,NCACO01A,Cemetery Operations,NCACEMOP,Cemetery Operations,
0129A1,Any,Any,560200,NCA MEM SVC NETWRK II-ATLANTA,NCA,NCACO01A,Cemetery Operations,NCACEMOP,Cemetery Operations,
0129A1,Any,Any,560300,NCA MEM SVC NETWRK III-DENVER,NCA,NCACO01A,Cemetery Operations,NCACEMOP,Cemetery Operations,
0129A1,Any,Any,560400,NCA MEM SVC NETWRK IV-INDNPLS,NCA,NCACO01A,Cemetery Operations,NCACEMOP,Cemetery Operations,
0129A1,Any,Any,560500,NCA MEM SVC NETWRK V-OAKLAND,NCA,NCACO01A,Cemetery Operations,NCACEMOP,Cemetery Operations,
0129A1,Any,Any,570100,NCA-NCEM SPRVS BY MSN1-PHIL PA,NCA,NCACO01A,Cemetery Operations,NCACEMOP,Cemetery Operations,
0129A1,Any,Any,570200,NCA NCEM SUPRVS BY MSN2-ATL GA,NCA,NCACO01A,Cemetery Operations,NCACEMOP,Cemetery Operations,
0129A1,Any,Any,570300,NCA NCEM SUPRVS BY MSN3-DNVR,NCA,NCACO01A,Cemetery Operations,NCACEMOP,Cemetery Operations,
0129A1,Any,Any,570400,NCA NCEM SPRVS BY MSN4-INDNPLS,NCA,NCACO01A,Cemetery Operations,NCACEMOP,Cemetery Operations,
0129A1,Any,Any,570500,NCA NCEM SUPRV BY MSN 5 OAKLND,NCA,NCACO01A,Cemetery Operations,NCACEMOP,Cemetery Operations,
0129A1,Any,Any,570600,NCA TRAINING CENTER,NCA,NCADF001,Direct Field Support Operations,NCADFHCM,Human Capital Management (Direct Field Support),
0129A1,Any,Any,570700,NCA HUMAN RESOURCES CENTER,NCA,NCADF001,Direct Field Support Operations,NCADFHCM,Human Capital Management (Direct Field Support),
0129A1,Any,Any,570800,NCA FNOD OFFICE,NCA,NCAMO001,Memorial Operations,NCAMEMOP,Memorial Operations,
0129A1,Any,Any,570900,NCA NATIONAL SCHED OFFICE,NCA,NCACO01C,Cemetery Operations ES and CDIS,NCACEMOP,Cemetery Operations,
0129A1,Any,Any,571000,NCA TRAINING CENTER INTERN,NCA,NCADF001,Direct Field Support Operations,NCADFHCM,Human Capital Management (Direct Field Support),
0129A1,Any,Any,571100,HUMAN RESOURCE CENTER CFM,NCA,NCADF001,Direct Field Support Operations,NCADFHCM,Human Capital Management (Direct Field Support),
0129X2,802,BALTIMORE NATL CEMETERY   VANC,Any,Any,NCA,NCACO01A,Cemetery Operations,NCACEMOP,Cemetery Operations,
0129X2,805,CALVERTON NATL CEMETERY   VANC,Any,Any,NCA,NCACO01A,Cemetery Operations,NCACEMOP,Cemetery Operations,
0129X2,806,CAMP BUTLER NATL CEMETRY  VANC,Any,Any,NCA,NCACO01A,Cemetery Operations,NCACEMOP,Cemetery Operations,
0129X2,810,DAYTON NATL CEMETERY      VANC,Any,Any,NCA,NCACO01A,Cemetery Operations,NCACEMOP,Cemetery Operations,
0129X2,815,LONG ISLAND NATL CEM      VANC,Any,Any,NCA,NCACO01A,Cemetery Operations,NCACEMOP,Cemetery Operations,
0129X2,821,ROCK ISLAND NATL CEM      VANC,Any,Any,NCA,NCACO01A,Cemetery Operations,NCACEMOP,Cemetery Operations,
0129X2,829,BATON ROUGE NATL CEM      VANC,Any,Any,NCA,NCACO01A,Cemetery Operations,NCACEMOP,Cemetery Operations,
0129X2,832,BILOXI NATL CEMETERY      VANC,Any,Any,NCA,NCACO01A,Cemetery Operations,NCACEMOP,Cemetery Operations,
0129X2,835,CHATTANOOGA NATL CEM      VANC,Any,Any,NCA,NCACO01A,Cemetery Operations,NCACEMOP,Cemetery Operations,
0129X2,839,CULPEPER NATL CEMETERY    VANC,Any,Any,NCA,NCACO01A,Cemetery Operations,NCACEMOP,Cemetery Operations,
0129X2,843,FLORENCE NATL CEMETERY    VANC,Any,Any,NCA,NCACO01A,Cemetery Operations,NCACEMOP,Cemetery Operations,
0129X2,844,FORT GIBSON NATL CEM      VANC,Any,Any,NCA,NCACO01A,Cemetery Operations,NCACEMOP,Cemetery Operations,
0129X2,846,FT. SAM HOUSTON NATL CEM  VANC,Any,Any,NCA,NCACO01A,Cemetery Operations,NCACEMOP,Cemetery Operations,
0129X2,852,JEFFERSON BARRACKS NC     VANC,Any,Any,NCA,NCACO01A,Cemetery Operations,NCACEMOP,Cemetery Operations,
0129X2,870,PORT HUDSTON NATL CEM     VANC,Any,Any,NCA,NCACO01A,Cemetery Operations,NCACEMOP,Cemetery Operations,
0129X2,871,PUERTO RICO NATL CEM      VANC,Any,Any,NCA,NCACO01A,Cemetery Operations,NCACEMOP,Cemetery Operations,
0129X2,872,QUANTICO NATL CEMETERY    VANC,Any,Any,NCA,NCACO01A,Cemetery Operations,NCACEMOP,Cemetery Operations,
0129X2,884,BLACK HILLS NATL CEM      VANC,Any,Any,NCA,NCACO01A,Cemetery Operations,NCACEMOP,Cemetery Operations,
0129X2,886,FORT BLISS NATL CEMETERY  VANC,Any,Any,NCA,NCACO01A,Cemetery Operations,NCACEMOP,Cemetery Operations,
0129X2,888,FORT LOGAN NATL CEMETERY  VANC,Any,Any,NCA,NCACO01A,Cemetery Operations,NCACEMOP,Cemetery Operations,
0129X2,890,FORT MCPHERSON NATL CEM   VANC,Any,Any,NCA,NCACO01A,Cemetery Operations,NCACEMOP,Cemetery Operations,
0129X2,892,FORT ROSECRANS NATL CEM   VANC,Any,Any,NCA,NCACO01A,Cemetery Operations,NCACEMOP,Cemetery Operations,
0129X2,894,FORT SNELLING NATL CEM    VANC,Any,Any,NCA,NCACO01A,Cemetery Operations,NCACEMOP,Cemetery Operations,
0129X2,895,GOLDEN GATE NATL CEM      VANC,Any,Any,NCA,NCACO01A,Cemetery Operations,NCACEMOP,Cemetery Operations,
0129X2,899,NATL MEM CEM-PACIFIC HI   VANC,Any,Any,NCA,NCACO01A,Cemetery Operations,NCACEMOP,Cemetery Operations,
0129X2,901,RIVERSIDE NATL CEMETERY   VANC,Any,Any,NCA,NCACO01A,Cemetery Operations,NCACEMOP,Cemetery Operations,
0129X2,904,SANTA FE NATL CEMETERY    VANC,Any,Any,NCA,NCACO01A,Cemetery Operations,NCACEMOP,Cemetery Operations,
0129X2,907,WILLAMETTE NATL CEMETERY  VANC,Any,Any,NCA,NCACO01A,Cemetery Operations,NCACEMOP,Cemetery Operations,
0129X2,908,FT MITCHELL NATL CEM      VANC,Any,Any,NCA,NCACO01A,Cemetery Operations,NCACEMOP,Cemetery Operations,
0129X2,909,FT CUSTER NATL CEMETERY   VANC,Any,Any,NCA,NCACO01A,Cemetery Operations,NCACEMOP,Cemetery Operations,
0129X2,911,FLORIDA NATL CEMETERY     VANC,Any,Any,NCA,NCACO01A,Cemetery Operations,NCACEMOP,Cemetery Operations,
0129X2,913,SAN JOAQUIN VALLEY N CEM  VANC,Any,Any,NCA,NCACO01A,Cemetery Operations,NCACEMOP,Cemetery Operations,
0129X2,914,NATL MEM CEM OF ARIZONA   VANC,Any,Any,NCA,NCACO01A,Cemetery Operations,NCACEMOP,Cemetery Operations,
0129X2,915,ABRAHAM LINCOLN NATL CEMETERY,Any,Any,NCA,NCACO01A,Cemetery Operations,NCACEMOP,Cemetery Operations,
0129X2,916,DALLAS/FT WORTH NATL CEM  VANC,Any,Any,NCA,NCACO01A,Cemetery Operations,NCACEMOP,Cemetery Operations,
0129X2,918,OHIO WESTERN RESERVE      VANC,Any,Any,NCA,NCACO01A,Cemetery Operations,NCACEMOP,Cemetery Operations,
0129X2,920,FORT SILL NATIONAL CEMETERY,Any,Any,NCA,NCACO01A,Cemetery Operations,NCACEMOP,Cemetery Operations,
0129X2,924,SOUTH FLORIDA NATL CEM    VANC,Any,Any,NCA,NCACO01A,Cemetery Operations,NCACEMOP,Cemetery Operations,
0129X2,927,ALABAMA NATIONAL CEMETERY VANC,Any,Any,NCA,NCACO01A,Cemetery Operations,NCACEMOP,Cemetery Operations,
0129X2,929,BAKERSFIELD NATL CEM      VANC,Any,Any,NCA,NCACO01A,Cemetery Operations,NCACEMOP,Cemetery Operations,
0129R1,815,LONG ISLAND NATL CEM      VANC,Any,Any,NCA,NCACO01A,Cemetery Operations,NCACEMOP,Cemetery Operations,
0129R1,892,FORT ROSECRANS NATL CEM   VANC,Any,Any,NCA,NCACO01A,Cemetery Operations,NCACEMOP,Cemetery Operations,
0129R1,895,GOLDEN GATE NATL CEM      VANC,Any,Any,NCA,NCACO01A,Cemetery Operations,NCACEMOP,Cemetery Operations,
0129R1,903,SAN FRANCISCO NATL CEM    VANC,Any,Any,NCA,NCACO01A,Cemetery Operations,NCACEMOP,Cemetery Operations,
0129R1,904,SANTA FE NATL CEMETERY    VANC,Any,Any,NCA,NCACO01A,Cemetery Operations,NCACEMOP,Cemetery Operations,
0129R1,Any,Any,512200,OFFICE OF FINANCE/PLANNING CFO,NCA,NCAAO001,Administrative Operations,NCAAOASA,Administration and Support Activities (Administrative Ops),
0129R1,Any,Any,570700,NCA HUMAN RESOURCES CENTER,NCA,NCADF001,Direct Field Support Operations,NCADFHCM,Human Capital Management (Direct Field Support),
0129R1,Any,Any,571100,HUMAN RESOURCE CENTER CFM,NCA,NCADF001,Direct Field Support Operations,NCADFHCM,Human Capital Management (Direct Field Support),
0129R1,,,551200,MPS PROCSS SITE FT LEVNWRTH KS,NCA,NCAMO001,Memorial Operations,NCAMEMOP,Memorial Operations,
0129R1,Any,Any,513000,NCA-HCM POLICY AND PROGRAMS,NCA,NCAAO001,Administrative Operations,NCAAOHCM,Human Capital Management (Administrative Ops),
0129R1,Any,Any,515000,NCA REASONABLE ACCOMMODATIONS,NCA,NCAAO001,Administrative Operations,NCAAOHCM,Human Capital Management (Administrative Ops),
8129,802,BALTIMORE NATL CEMETERY   VANC,Any,Any,NCA,NCAGF001,National Cemetery Gift Fund,,,
8129,803,BATH NATL CEMETERY        VAMC,Any,Any,NCA,NCAGF001,National Cemetery Gift Fund,,,
8129,804,BEVERLY NATL CEMETERY     VANC,Any,Any,NCA,NCAGF001,National Cemetery Gift Fund,,,
8129,805,CALVERTON NATL CEMETERY   VANC,Any,Any,NCA,NCAGF001,National Cemetery Gift Fund,,,
8129,806,CAMP BUTLER NATL CEMETRY  VANC,Any,Any,NCA,NCAGF001,National Cemetery Gift Fund,,,
8129,809,DANVILLE NATL CEMETERY    VANC,Any,Any,NCA,NCAGF001,National Cemetery Gift Fund,,,
8129,810,DAYTON NATL CEMETERY      VANC,Any,Any,NCA,NCAGF001,National Cemetery Gift Fund,,,
8129,813,INDIANTOWN GAP NATL CEM   VANC,Any,Any,NCA,NCAGF001,National Cemetery Gift Fund,,,
8129,815,LONG ISLAND NATL CEM      VANC,Any,Any,NCA,NCAGF001,National Cemetery Gift Fund,,,
8129,817,MARION NATL CEMETERY      VANC,Any,Any,NCA,NCAGF001,National Cemetery Gift Fund,,,
8129,818,MASSACHUSETTS NATL CEM    VANC,Any,Any,NCA,NCAGF001,National Cemetery Gift Fund,,,
8129,821,ROCK ISLAND NATL CEM      VANC,Any,Any,NCA,NCAGF001,National Cemetery Gift Fund,,,
8129,823,WOOD NATL CEMETERY        VANC,Any,Any,NCA,NCAGF001,National Cemetery Gift Fund,,,
8129,825,ALEXANDRIA NATL CEMETERY  VANC,Any,Any,NCA,NCAGF001,National Cemetery Gift Fund,,,
8129,828,BARRANCAS NATL CEMETERY   VANC,Any,Any,NCA,NCAGF001,National Cemetery Gift Fund,,,
8129,830,BAY PINES NATL CEMETERY   VANC,Any,Any,NCA,NCAGF001,National Cemetery Gift Fund,,,
8129,831,BEAUFORT NATL CEMETERY    VANC,Any,Any,NCA,NCAGF001,National Cemetery Gift Fund,,,
8129,832,BILOXI NATL CEMETERY      VANC,Any,Any,NCA,NCAGF001,National Cemetery Gift Fund,,,
8129,833,CAMP NELSON NATL CEM      VANC,Any,Any,NCA,NCAGF001,National Cemetery Gift Fund,,,
8129,835,CHATTANOOGA NATL CEM      VANC,Any,Any,NCA,NCAGF001,National Cemetery Gift Fund,,,
8129,839,CULPEPER NATL CEMETERY    VANC,Any,Any,NCA,NCAGF001,National Cemetery Gift Fund,,,
8129,841,DANVILLE NATL CEMETERY    VANC,Any,Any,NCA,NCAGF001,National Cemetery Gift Fund,,,
8129,842,FAYETTEVILLE NATL CEM     VANC,Any,Any,NCA,NCAGF001,National Cemetery Gift Fund,,,
8129,843,FLORENCE NATL CEMETERY    VANC,Any,Any,NCA,NCAGF001,National Cemetery Gift Fund,,,
8129,844,FORT GIBSON NATL CEM      VANC,Any,Any,NCA,NCAGF001,National Cemetery Gift Fund,,,
8129,846,FT. SAM HOUSTON NATL CEM  VANC,Any,Any,NCA,NCAGF001,National Cemetery Gift Fund,,,
8129,847,FORT SMITH NATL CEMETERY  VANC,Any,Any,NCA,NCAGF001,National Cemetery Gift Fund,,,
8129,851,HOUSTON NATL CEMETERY     VANC,Any,Any,NCA,NCAGF001,National Cemetery Gift Fund,,,
8129,852,JEFFERSON BARRACKS NC     VANC,Any,Any,NCA,NCAGF001,National Cemetery Gift Fund,,,
8129,855,KNOXVILLE NATL CEMETERY   VANC,Any,Any,NCA,NCAGF001,National Cemetery Gift Fund,,,
8129,858,LITTLE ROCK NATL CEM      VANC,Any,Any,NCA,NCAGF001,National Cemetery Gift Fund,,,
8129,859,MARIETTA NATL CEMETERY    VANC,Any,Any,NCA,NCAGF001,National Cemetery Gift Fund,,,
8129,862,MOBILE NATL CEMETERY      VANC,Any,Any,NCA,NCAGF001,National Cemetery Gift Fund,,,
8129,864,MOUNTAIN HOME NATL CEM    VANC,Any,Any,NCA,NCAGF001,National Cemetery Gift Fund,,,
8129,865,NASHVILLE NATL CEMETERY   VANC,Any,Any,NCA,NCAGF001,National Cemetery Gift Fund,,,
8129,870,PORT HUDSTON NATL CEM     VANC,Any,Any,NCA,NCAGF001,National Cemetery Gift Fund,,,
8129,871,PUERTO RICO NATL CEM      VANC,Any,Any,NCA,NCAGF001,National Cemetery Gift Fund,,,
8129,872,QUANTICO NATL CEMETERY    VANC,Any,Any,NCA,NCAGF001,National Cemetery Gift Fund,,,
8129,874,RICHMOND NATL CEMETERY    VANC,Any,Any,NCA,NCAGF001,National Cemetery Gift Fund,,,
8129,875,ST AUGUSTINE NATL CEM     VANC,Any,Any,NCA,NCAGF001,National Cemetery Gift Fund,,,
8129,876,SALISBURY NATL CEMETERY   VANC,Any,Any,NCA,NCAGF001,National Cemetery Gift Fund,,,
8129,879,SPRINGFIELD NATL CEM      VANC,Any,Any,NCA,NCAGF001,National Cemetery Gift Fund,,,
8129,884,BLACK HILLS NATL CEM      VANC,Any,Any,NCA,NCAGF001,National Cemetery Gift Fund,,,
8129,885,FORT BAYARD NATL CEM      VANC,Any,Any,NCA,NCAGF001,National Cemetery Gift Fund,,,
8129,886,FORT BLISS NATL CEMETERY  VANC,Any,Any,NCA,NCAGF001,National Cemetery Gift Fund,,,
8129,888,FORT LOGAN NATL CEMETERY  VANC,Any,Any,NCA,NCAGF001,National Cemetery Gift Fund,,,
8129,889,FORT LYON NATL CEMETERY   VANC,Any,Any,NCA,NCAGF001,National Cemetery Gift Fund,,,
8129,890,FORT MCPHERSON NATL CEM   VANC,Any,Any,NCA,NCAGF001,National Cemetery Gift Fund,,,
8129,892,FORT ROSECRANS NATL CEM   VANC,Any,Any,NCA,NCAGF001,National Cemetery Gift Fund,,,
8129,894,FORT SNELLING NATL CEM    VANC,Any,Any,NCA,NCAGF001,National Cemetery Gift Fund,,,
8129,895,GOLDEN GATE NATL CEM      VANC,Any,Any,NCA,NCAGF001,National Cemetery Gift Fund,,,
8129,897,LEAVENWORTH NATL CEM      VANC,Any,Any,NCA,NCAGF001,National Cemetery Gift Fund,,,
8129,898,LOS ANGELES NATL CEM      VANC,Any,Any,NCA,NCAGF001,National Cemetery Gift Fund,,,
8129,899,NATL MEM CEM-PACIFIC HI   VANC,Any,Any,NCA,NCAGF001,National Cemetery Gift Fund,,,
8129,901,RIVERSIDE NATL CEMETERY   VANC,Any,Any,NCA,NCAGF001,National Cemetery Gift Fund,,,
8129,904,SANTA FE NATL CEMETERY    VANC,Any,Any,NCA,NCAGF001,National Cemetery Gift Fund,,,
8129,906,EAGLE POINT NATL CEM      VANC,Any,Any,NCA,NCAGF001,National Cemetery Gift Fund,,,
8129,907,WILLAMETTE NATL CEMETERY  VANC,Any,Any,NCA,NCAGF001,National Cemetery Gift Fund,,,
8129,908,FT MITCHELL NATL CEM      VANC,Any,Any,NCA,NCAGF001,National Cemetery Gift Fund,,,
8129,909,FT CUSTER NATL CEMETERY   VANC,Any,Any,NCA,NCAGF001,National Cemetery Gift Fund,,,
8129,910,FT RICHARDSON NATL CEM    VANC,Any,Any,NCA,NCAGF001,National Cemetery Gift Fund,,,
8129,911,FLORIDA NATL CEMETERY     VANC,Any,Any,NCA,NCAGF001,National Cemetery Gift Fund,,,
8129,912,WEST VIRGINIA NATL CEM    VANC,Any,Any,NCA,NCAGF001,National Cemetery Gift Fund,,,
8129,913,SAN JOAQUIN VALLEY N CEM  VANC,Any,Any,NCA,NCAGF001,National Cemetery Gift Fund,,,
8129,914,NATL MEM CEM OF ARIZONA   VANC,Any,Any,NCA,NCAGF001,National Cemetery Gift Fund,,,
8129,915,ABRAHAM LINCOLN NATL CEMETERY,Any,Any,NCA,NCAGF001,National Cemetery Gift Fund,,,
8129,916,DALLAS/FT WORTH NATL CEM  VANC,Any,Any,NCA,NCAGF001,National Cemetery Gift Fund,,,
8129,917,GBH SOLOMON SARATOGA NC   VANC,Any,Any,NCA,NCAGF001,National Cemetery Gift Fund,,,
8129,918,OHIO WESTERN RESERVE      VANC,Any,Any,NCA,NCAGF001,National Cemetery Gift Fund,,,
8129,919,TAHOMA NATIONAL CEMETERY  VANC,Any,Any,NCA,NCAGF001,National Cemetery Gift Fund,,,
8129,920,FORT SILL NATIONAL CEMETERY,Any,Any,NCA,NCAGF001,National Cemetery Gift Fund,,,
8129,921,SACRAMENTO VALLEYNATL CEM VANC,Any,Any,NCA,NCAGF001,National Cemetery Gift Fund,,,
8129,922,GEORGIA NATIONAL CEMETERY VANC,Any,Any,NCA,NCAGF001,National Cemetery Gift Fund,,,
8129,923,GREAT LAKES NATL CEM      VANC,Any,Any,NCA,NCAGF001,National Cemetery Gift Fund,,,
8129,924,SOUTH FLORIDA NATL CEM    VANC,Any,Any,NCA,NCAGF001,National Cemetery Gift Fund,,,
8129,925,NATL CEM THE ALLEGHENIES  VANC,Any,Any,NCA,NCAGF001,National Cemetery Gift Fund,,,
8129,926,WASHINGTON CROSS NATL CEM VANC,Any,Any,NCA,NCAGF001,National Cemetery Gift Fund,,,
8129,927,ALABAMA NATIONAL CEMETERY VANC,Any,Any,NCA,NCAGF001,National Cemetery Gift Fund,,,
8129,928,JACKSONVILLE NATL CEM     VANC,Any,Any,NCA,NCAGF001,National Cemetery Gift Fund,,,
8129,929,BAKERSFIELD NATL CEM      VANC,Any,Any,NCA,NCAGF001,National Cemetery Gift Fund,,,
8129,930,FT. JACKSON NATL CEM,Any,Any,NCA,NCAGF001,National Cemetery Gift Fund,,,
8129,931,SARASOTA NATIONAL CEM     VANC,Any,Any,NCA,NCAGF001,National Cemetery Gift Fund,,,
8129,933,PIKES PEAK NATIONAL CEMETERY,Any,Any,NCA,NCAGF001,National Cemetery Gift Fund,,,
8129,934,CAPE CANAVERAL NATIONAL CEM,Any,Any,NCA,NCAGF001,National Cemetery Gift Fund,,,
8129,935,OMAHA NATIONAL CEMETERY,Any,Any,NCA,NCAGF001,National Cemetery Gift Fund,,,
8129,937,TALLAHASSE NATIONAL CEMETERY,Any,Any,NCA,NCAGF001,National Cemetery Gift Fund,,,
8129,938,YELLOWSTONE NATIONAL CEMETERY,Any,Any,NCA,NCAGF001,National Cemetery Gift Fund,,,
8129,Any,Any,512200,OFFICE OF FINANCE/PLANNING CFO,NCA,NCAGF001,National Cemetery Gift Fund,,,
5392,815,LONG ISLAND NATL CEM      VANC,Any,Any,NCA,NCAFF002,NCA Facilities Cemetery Operatio,,,
5392,936,BUFFALO NATIONAL CEMETERY,Any,Any,NCA,NCAFF002,NCA Facilities Cemetery Operatio,,,
5392,Any,Any,512200,OFFICE OF FINANCE/PLANNING CFO,NCA,NCAFF001,NCA Facilities Operation Fund,,,
0183,any,any,any,any,NCA,NCACG001,Grants for Construction of Veterans Cemeteries,,,
Any,Any,Any,301000,VBA-EXECUTIVE DIRECTION,VBA,VBAOVH01,Overhead,OVHALL,Overhead All,
Any,Any,Any,301016,VBA  OFC OF CORP COMM,VBA,VBAOVH01,Overhead,OVHALL,Overhead All,
Any,Any,Any,301100,VBA-ADUS FOR POLICY AND PROGRM,VBA,VBAOVH01,Overhead,OVHALL,Overhead All,
Any,Any,Any,301200,THE ACQUISTION STAFF,VBA,VBAOVH01,Overhead,OVHALL,Overhead All,
Any,Any,Any,301300,VBA-ASSC DPTY UND SEC FIELD OP,VBA,VBAOVH01,Overhead,OVHOFO,Overhead OFO,
Any,Any,Any,301310,OFO OPERATIONS MANAGEMENT,VBA,VBAOVH01,Overhead,OVHOFO,Overhead OFO,
Any,Any,Any,301311,OFO OPERATIONS CENTER,VBA,VBAOVH01,Overhead,OVHOFO,Overhead OFO,
Any,Any,Any,301320,NATIONAL WORK QUE,VBA,VBAOVH01,Overhead,OVHOFO,Overhead OFO,
Any,Any,Any,301400,VBA-EQUAL OPPORTUNITY PROG OFC,VBA,VBAOVH01,Overhead,OVHALL,Overhead All,
Any,Any,Any,301500,VBA-OFC FACILITIES ACCSS&ADMIN,VBA,VBAOVH01,Overhead,OVHALL,Overhead All,
Any,Any,Any,301600,VBA-OFC PERFRMNC ANALYSS&INTEG,VBA,VBAOVH01,Overhead,OVHALL,Overhead All,
Any,Any,Any,301700,VBA-BPI PROCESS INTEG OFFICE,VBA,VBAOVH01,Overhead,OVHALL,Overhead All,
Any,Any,Any,301800,MGT SYS PROG MGT PERSONNEL,VBA,VBAOVH01,Overhead,OVHOFO,Overhead OFO,
Any,Any,Any,301810,VBMS PMO OFFICE OF THE DIR,VBA,VBAOVH01,Overhead,OVHOFO,Overhead OFO,
Any,Any,Any,301812,VBMS PGM ADMN&INV MGT,VBA,VBAOVH01,Overhead,OVHOFO,Overhead OFO,
Any,Any,Any,301813,VBMS PGM MGT & CONTROLS,VBA,VBAOVH01,Overhead,OVHOFO,Overhead OFO,
Any,Any,Any,301815,VBMS BUSINESS PROCESS MGMT,anks,VBAOVH01,Overhead,OVHOFO,Overhead OFO,
Any,Any,Any,301900,OSP OFFICE OF THE DIRECTOR,VBA,VBAOVH01,Overhead,OVHALL,Overhead All,
Any,Any,Any,303000,NATIONAL CALL CENTER,VBA,VBAOVH01,Overhead,OVHALL,Overhead All,
Any,Any,Any,303200,FIDUCIARY HUB,VBA,VBAPDIC1,"Pension, Dependency and Indemnity Compensation, Burial and Fiduciary Programs",PENDIC,"Pension, DIC, Burial, and Fiduciary Programs",
Any,Any,Any,303300,BENEFITS ASSISTANCE,VBA,VBAOVH01,Overhead,OVHALL,Overhead All,
Any,Any,Any,304000,VSC-OTHER/NO SPECIFIC TEAM,VBA,VBADC001,Disability Compensation,DICOMP,Disability Compensation,
Any,Any,Any,304300,PMC-OTHER/NO SPECIFIC TEAM,VBA,VBAPDIC1,"Pension, Dependency and Indemnity Compensation, Burial and Fiduciary Programs",PENDIC,"Pension, DIC, Burial, and Fiduciary Programs",
Any,Any,Any,304500,AMO-GENERAL,VBA,VBADC001,Disability Compensation,VETAPL,Veterans Appeals,
Any,Any,Any,305000,VBA-LOAN GUARANTY,VBA,VBAHOU01,Housing,HOUSNG,Housing,
Any,Any,Any,306100,VBA-INSURANCE PGM MGMT&ACTUAR,VBA,VBAINS01,Insurance,INSRNC,Insurance,
Any,Any,Any,306200,VBA-PHILA. INSURANCE CLAIMS,VBA,VBAINS01,Insurance,INSRNC,Insurance,
Any,Any,Any,306300,VBA-PHILADELPHIA POLICY SVC.,VBA,VBAINS01,Insurance,INSRNC,Insurance,
Any,Any,Any,306400,VBA-PHIL.INSUR-INTERNAL CONTRL,VBA,VBAINS01,Insurance,INSRNC,Insurance,
Any,Any,Any,307000,VBA-EDUCATION SERVICE,VBA,VBAEDU01,Education,EDUCTN,Education,
Any,Any,Any,308000,VOCATIONAL REHAB & EMPLOY SVC,VBA,VBAVRE01,Vocational Rehabilitation & Employment,VOREEM,Vocational Rehabilitation & Employment,
Any,Any,Any,308200,VBA-CH 31 REHABILITATION SVC,VBA,VBAVRE01,Vocational Rehabilitation & Employment,VOREEM,Vocational Rehabilitation & Employment,
Any,Any,Any,308300,VBA-CH 31 EMPLOYMENT SVC (GOE),VBA,VBAVRE01,Vocational Rehabilitation & Employment,VOREEM,Vocational Rehabilitation & Employment,
Any,Any,Any,308500,VRM PMO OFFICE OF THE DIRECTOR,VBA,VBAOVH01,Overhead,OVHALL,Overhead All,
Any,Any,Any,309100,VBA - DIRECT DEPOSIT UNIT,VBA,VBAOVH01,Overhead,OVHALL,Overhead All,
Any,Any,Any,309200,VBA-ADMIN SUPPORT STAFF,VBA,VBAOVH01,Overhead,OVHALL,Overhead All,
Any,Any,Any,309300,OFM,VBA,VBAOVH01,Overhead,OVHALL,Overhead All,
Any,Any,Any,309400,HUMAN RESOURCES MANAGEMENT,VBA,VBAOVH01,Overhead,OVHALL,Overhead All,
Any,Any,Any,309600,VBA-SUPPORT SERVICES,VBA,VBAOVH01,Overhead,OVHALL,Overhead All,
Any,Any,Any,309700,VBA-INFORMATION RESOURCES MGMT,VBA,VBAOVH01,Overhead,OVHALL,Overhead All,
Any,Any,Any,309800,TRAINING STAFF / ACADEMY,VBA,VBAOVH01,Overhead,OVHALL,Overhead All,
Any,Any,Any,311000,VBA ACQUISITION DIRECTOR,VBA,VBAOVH01,Overhead,OVHALL,Overhead All,
Any,Any,Any,311010,VBA ACQUISITION STAFF,VBA,VBAOVH01,Overhead,OVHALL,Overhead All,
Any,Any,Any,311100,NORTH ATLANTIC AREA TEAM,VBA,VBAOVH01,Overhead,OVHALL,Overhead All,
Any,Any,Any,311200,SOUTHEAST AREA TEAM,VBA,VBAOVH01,Overhead,OVHALL,Overhead All,
Any,Any,Any,311300,MIDWEST AREA TEAM,VBA,VBAOVH01,Overhead,OVHALL,Overhead All,
Any,Any,Any,311400,PACIFIC AREA TEAM,VBA,VBAOVH01,Overhead,OVHALL,Overhead All,
Any,Any,Any,304100,DAY ONE BROKERING CENTER,VBA,VBADC001,Disability Compensation,DICOMP,Disability Compensation,
Any,Any,Any,310000,DISABILITY RATING ACTIVITYSITE,VBA,VBADC001,Disability Compensation,DICOMP,Disability Compensation,
